ETA,VIN,Year,Model,Hold Status,Pre-Sold,Shipping Status,Total MSRP,Exterior Color,Interior Color,Distance,Dealer,Dealer Website,SmartPath,Options
2024-10-22,5TDBSKFC1RS40C186,2024,Sienna LE,,False,Factory to port,44280,Celestial Silver Metallic,Gray Woven Fabric,60,Allegheny Toyota,https://www.alleghenytoyotapa.com,True,50 State Emissions | All-Weather Floor Liner Package[installed_msrp] | Integrated Dashcam[installed_msrp] | LE Plus Package | Roof Rack Cross Bars[installed_msrp]
Unknown,5TDBSKFC8RS146317,2024,Sienna LE,DealerHold,True,At dealer,44070,Celestial Silver Metallic,Gray Woven Fabric,75,Delaney Toyota of Dubois,https://www.delaneytoyota.com,True,50 State Emissions | All-Weather Floor Liner Package[installed_msrp] | Cargo Tray[installed_msrp] | Door Sill Protectors[installed_msrp] | LE Plus Package | Mudguards[installed_msrp]
2024-10-09,5TDCSKFC1RS39D543,2024,Sienna Woodland Edition,DealerHold,False,Factory to port,51723,Cement,Gray Flannel + Black Embossed Softex® [softex],77,Dan Cava's Toyota World,https://www.cavatoyota.com,True,"50 State Emissions | Integrated Dashcam[installed_msrp] | Paint Protection Film (Hood, Fenders, Mirror Backs and Door Cups)[installed_msrp] | WOODLAND EDITION"
2024-10-01,5TDCSKFC3RS150442,2024,Sienna XSE,DealerHold,False,Port to dealer,52584,Cement,Black Leather,93,Victory Toyota of Ashtabula County,https://www.victorytoyota440.com,False,"1500W inverter [120v_cargo] | 50 State Emissions | All-Weather Floor Liner Package[installed_msrp] | Paint Protection Film (Hood, Fenders, Mirror Backs and Door Cups)[installed_msrp] | XSE Premium Package"
2024-10-11,5TDCSKFC3RS38C401,2024,Sienna XSE,DealerHold,True,Factory to port,53079,Celestial Silver Metallic,Black Leather,9,Rohrich Toyota,https://www.rohrichtoyota.com,True,1500W inverter [120v_cargo] | 50 State Emissions | All-Weather Floor Liner Package[installed_msrp] | Alloy Wheel Locks[installed_msrp] | Body Side Moldings[installed_msrp] | Cargo Tray[installed_msrp] | Emergency Assistance Kit[installed_msrp] | Illuminated Door Sills[installed_msrp] | Rear Bumper Applique[installed_msrp] | XSE Premium Package
2024-10-13,5TDCSKFC3RS40C579,2024,Sienna XSE,DealerHold,False,Factory to port,53464,Blueprint,Black Leather,91,Summit Toyota of Akron,https://www.summittoyotaofakron.com,True,1500W inverter [120v_cargo] | 50 State Emissions | All-Weather Floor Liner Package[installed_msrp] | Body Side Moldings[installed_msrp] | Illuminated Door Sills[installed_msrp] | Integrated Dashcam[installed_msrp] | Quick Charging Cable Package[installed_msrp] | Rear Bumper Applique[installed_msrp] | Roof Rack Cross Bars[installed_msrp] | XSE Premium Package
2024-09-21,5TDCSKFC4RS150238,2024,Sienna Woodland Edition,DealerHold,False,Port to dealer,50075,Cement,Gray Flannel + Black Embossed Softex® [softex],79,Toyota of North Canton,https://www.toyotaofnorthcanton.com,False,50 State Emissions | WOODLAND EDITION
2024-10-12,5TDCSKFC4RS39D679,2024,Sienna Woodland Edition,DealerHold,False,Factory to port,51723,Midnight Black Metallic,Gray Flannel + Black Embossed Softex® [softex],77,Dan Cava's Toyota World,https://www.cavatoyota.com,True,"50 State Emissions | Integrated Dashcam[installed_msrp] | Paint Protection Film (Hood, Fenders, Mirror Backs and Door Cups)[installed_msrp] | WOODLAND EDITION"
2024-09-29,5TDCSKFC5RS38C321,2024,Sienna XSE,DealerHold,False,Factory to port,53464,Cement,Black Leather,91,Summit Toyota of Akron,https://www.summittoyotaofakron.com,True,1500W inverter [120v_cargo] | 50 State Emissions | All-Weather Floor Liner Package[installed_msrp] | Body Side Moldings[installed_msrp] | Illuminated Door Sills[installed_msrp] | Integrated Dashcam[installed_msrp] | Quick Charging Cable Package[installed_msrp] | Rear Bumper Applique[installed_msrp] | Roof Rack Cross Bars[installed_msrp] | XSE Premium Package
2024-09-23,5TDCSKFCXRS148834,2024,Sienna Woodland Edition,DealerHold,True,Port to dealer,50973,Cement,Gray Flannel + Black Embossed Softex® [softex],22,South Hills Toyota,https://www.southhillstoyota.com,False,"50 State Emissions | Cargo Net with Pouch[installed_msrp] | Paint Protection Film (Hood, Fenders, Mirror Backs and Door Cups)[installed_msrp] | Quick Charging Cable Package[installed_msrp] | WOODLAND EDITION"
2024-09-12,5TDCSKFCXRS149062,2024,Sienna Woodland Edition,DealerHold,False,At dealer,51244,Cement,Gray Flannel + Black Embossed Softex® [softex],77,Dan Cava's Toyota World,https://www.cavatoyota.com,True,"50 State Emissions | Paint Protection Film (Hood, Fenders, Mirror Backs and Door Cups)[installed_msrp] | Quick Charging Cable Package[installed_msrp] | WOODLAND EDITION"
2024-09-21,5TDCSKFCXRS149191,2024,Sienna Woodland Edition,,True,Port to dealer,51064,Cement,Gray Flannel + Black Embossed Softex® [softex],48,Toyota of Boardman,https://www.toyotaofboardman.com,True,"50 State Emissions | Owner's Portfolio | Paint Protection Film (Hood, Fenders, Mirror Backs and Door Cups)[installed_msrp] | Quick Charging Cable Package[installed_msrp] | WOODLAND EDITION"
2024-09-27,5TDCSKFCXRS149921,2024,Sienna Woodland Edition,Available,True,Port to dealer,50490,Cement,Gray Flannel + Black Embossed Softex® [softex],9,Rohrich Toyota,https://www.rohrichtoyota.com,True,50 State Emissions | Owner's Portfolio | Quick Charging Cable Package[installed_msrp] | WOODLAND EDITION
2024-09-29,5TDCSKFCXRS38E047,2024,Sienna Woodland Edition,DealerHold,False,Factory to port,51244,Midnight Black Metallic,Gray Flannel + Black Embossed Softex® [softex],77,Dan Cava's Toyota World,https://www.cavatoyota.com,True,"50 State Emissions | Paint Protection Film (Hood, Fenders, Mirror Backs and Door Cups)[installed_msrp] | Quick Charging Cable Package[installed_msrp] | WOODLAND EDITION"
2024-09-28,5TDDRKEC0RS221145,2024,Sienna XSE,DealerHold,True,Port to dealer,48934,Celestial Silver Metallic,Gray Flannel + Black Embossed Softex® [softex],9,Rohrich Toyota,https://www.rohrichtoyota.com,True,1500W inverter [120v_cargo] | 50 State Emissions | All-Weather Floor Liner Package[installed_msrp] | Body Side Moldings[installed_msrp] | Mudguards[installed_msrp] | Rear Bumper Applique[installed_msrp] | Roof Rack Cross Bars[installed_msrp] | XSE Plus Package
2024-09-27,5TDDRKEC7RS220932,2024,Sienna XSE,,False,Port to dealer,48503,Cement,Moonstone + Grey Embossed Softex® [softex],38,Preston Toyota,https://www.prestontoyota.com,True,"1500W inverter [120v_cargo] | 50 State Emissions | Owner's Portfolio | Paint Protection Film (Hood, Fenders, Mirror Backs and Door Cups)[installed_msrp] | Rear Bumper Applique[installed_msrp] | XSE Plus Package"
2024-10-09,5TDDSKFC2RS38D348,2024,Sienna XSE,DealerHold,False,Factory to port,49560,Ice Cap,Moonstone + Grey Embossed Softex® [softex],11,Baierl Toyota,https://www.baierltoyota.com,True,1500W inverter [120v_cargo] | 50 State Emissions | All-Weather Floor Liner Package[installed_msrp] | Illuminated Door Sills[installed_msrp] | Quick Charging Cable Package[installed_msrp] | XSE Plus Package
Unknown,5TDDSKFC4RS145108,2024,Sienna XSE,DealerHold,True,At dealer,50754,Ruby Flare Pearl [extra_cost_color],Gray Flannel + Black Embossed Softex® [softex],13,Spitzer Toyota,https://www.spitzertoyota.com,False,"1500W inverter [120v_cargo] | 50 State Emissions | All-Weather Floor Liner Package[installed_msrp] | Body Side Moldings[installed_msrp] | Illuminated Door Sills[installed_msrp] | Mudguards[installed_msrp] | Paint Protection Film (Hood, Fenders, Mirror Backs and Door Cups)[installed_msrp] | Special Color | XSE Plus Package"
2024-10-05,5TDDSKFC7RS150481,2024,Sienna XSE,DealerHold,True,Port to dealer,49499,Ice Cap,Moonstone + Grey Embossed Softex® [softex],22,South Hills Toyota,https://www.southhillstoyota.com,False,1500W inverter [120v_cargo] | 50 State Emissions | All-Weather Floor Liner Package[installed_msrp] | Rear Bumper Applique[installed_msrp] | Roof Rack Cross Bars[installed_msrp] | Spare tire | XSE Plus Package
2024-10-17,5TDDSKFC7RS39D051,2024,Sienna XSE,DealerHold,True,Factory to port,49935,Ice Cap,Gray Flannel + Black Embossed Softex® [softex],38,Preston Toyota,https://www.prestontoyota.com,True,1500W inverter [120v_cargo] | 50 State Emissions | All-Weather Floor Liner Package[installed_msrp] | Cargo Tray[installed_msrp] | Integrated Dashcam[installed_msrp] | Roof Rack Cross Bars[installed_msrp] | Spare tire | XSE Plus Package
2024-09-13,5TDDSKFC8RS149596,2024,Sienna XSE,Available,False,At dealer,50343,Celestial Silver Metallic,Gray Flannel + Black Embossed Softex® [softex],79,Toyota of North Canton,https://www.toyotaofnorthcanton.com,False,"1500W inverter [120v_cargo] | 50 State Emissions | All-Weather Floor Liner Package[installed_msrp] | Alloy Wheel Locks[installed_msrp] | Illuminated Door Sills[installed_msrp] | Paint Protection Film (Hood, Fenders, Mirror Backs and Door Cups)[installed_msrp] | Quick Charging Cable Package[installed_msrp] | Rear Bumper Applique[installed_msrp] | Roof Rack Cross Bars[installed_msrp] | XSE Plus Package"
2024-09-30,5TDDSKFC8RS150120,2024,Sienna XSE,DealerHold,False,Port to dealer,49974,Midnight Black Metallic,Moonstone + Grey Embossed Softex® [softex],11,Baierl Toyota,https://www.baierltoyota.com,True,1500W inverter [120v_cargo] | 50 State Emissions | All-Weather Floor Liner Package[installed_msrp] | Body Side Moldings[installed_msrp] | Cargo Net with Pouch[installed_msrp] | Cargo Tray[installed_msrp] | Door Sill Protectors[installed_msrp] | Rear Bumper Applique[installed_msrp] | Roof Rack Cross Bars[installed_msrp] | XSE Plus Package
2024-10-05,5TDDSKFC8RS150487,2024,Sienna XSE,DealerHold,True,Port to dealer,50090,Cement,Gray Flannel + Black Embossed Softex® [softex],13,Spitzer Toyota,https://www.spitzertoyota.com,False,1500W inverter [120v_cargo] | 50 State Emissions | All-Weather Floor Liner Package[installed_msrp] | Alloy Wheel Locks[installed_msrp] | Body Side Moldings[installed_msrp] | Illuminated Door Sills[installed_msrp] | Roof Rack Cross Bars[installed_msrp] | Spare tire | XSE Plus Package
2024-10-21,5TDDSKFC8RS39E189,2024,Sienna XSE,DealerHold,True,Factory to port,50458,Midnight Black Metallic,Gray Flannel + Black Embossed Softex® [softex],38,Preston Toyota,https://www.prestontoyota.com,True,1500W inverter [120v_cargo] | 50 State Emissions | All-Weather Floor Liner Package[installed_msrp] | Body Side Moldings[installed_msrp] | Cargo Organizer[installed_msrp] | Door Sill Protectors[installed_msrp] | Integrated Dashcam[installed_msrp] | Rear Bumper Applique[installed_msrp] | Roof Rack Cross Bars[installed_msrp] | Spare tire | XSE Plus Package
Unknown,5TDDSKFC9RS148442,2024,Sienna XSE,DealerHold,True,At dealer,49803,Cement,Moonstone + Grey Embossed Softex® [softex],38,Preston Toyota,https://www.prestontoyota.com,True,"1500W inverter [120v_cargo] | 50 State Emissions | All-Weather Floor Liner Package[installed_msrp] | Emergency Assistance Kit[installed_msrp] | Owner's Portfolio | Paint Protection Film (Hood, Fenders, Mirror Backs and Door Cups)[installed_msrp] | Rear Bumper Applique[installed_msrp] | Spare tire | XSE Plus Package"
2024-09-23,5TDESKFC0RS148818,2024,Sienna Platinum,DealerHold,True,Port to dealer,57484,Wind Chill Pearl [extra_cost_color],Nobel Brown Leather,44,Mike Kelly Toyota of Uniontown,http://www.mikekellytoyota.com,False,1500W inverter [120v_cargo] | 50 State Emissions | All-Weather Floor Liner Package[installed_msrp] | Body Side Moldings[installed_msrp] | Digital Rearview Mirror with HomeLink® Universal Transceiver | Illuminated Door Sills[installed_msrp] | Owner's Portfolio | Platinum Package | Quick Charging Cable Package[installed_msrp] | Rear Bumper Applique[installed_msrp] | Roof Rack Cross Bars[installed_msrp] | Special Color
2024-09-22,5TDESKFC0RS149175,2024,Sienna Platinum,Available,False,Port to dealer,56400,Celestial Silver Metallic,Nobel Brown Leather,75,Delaney Toyota of Dubois,https://www.delaneytoyota.com,True,1500W inverter [120v_cargo] | 50 State Emissions | All-Weather Floor Liner Package[installed_msrp] | Cargo Net with Pouch[installed_msrp] | Digital Rearview Mirror with HomeLink® Universal Transceiver | Platinum Package | Roof Rack Cross Bars[installed_msrp]
2024-09-22,5TDESKFC0RS149306,2024,Sienna Platinum,DealerHold,True,Port to dealer,57579,Wind Chill Pearl [extra_cost_color],Nobel Brown Leather,9,Rohrich Toyota,https://www.rohrichtoyota.com,True,1500W inverter [120v_cargo] | 50 State Emissions | All-Weather Floor Liner Package[installed_msrp] | Body Side Moldings[installed_msrp] | Digital Rearview Mirror with HomeLink® Universal Transceiver | Illuminated Door Sills[installed_msrp] | Integrated Dashcam[installed_msrp] | Platinum Package | Rear Bumper Applique[installed_msrp] | Special Color
2024-10-07,5TDESKFC0RS150441,2024,Sienna Platinum,Available,False,Port to dealer,57494,Blueprint,Nobel Brown Leather,2,Jim Shorkey Toyota,https://www.jimshorkeytoyota.com,True,"1500W inverter [120v_cargo] | 50 State Emissions | All-Weather Floor Liner Package[installed_msrp] | Alloy Wheel Locks[installed_msrp] | Body Side Moldings[installed_msrp] | Digital Rearview Mirror with HomeLink® Universal Transceiver | Illuminated Door Sills[installed_msrp] | Paint Protection Film (Hood, Fenders, Mirror Backs and Door Cups)[installed_msrp] | Platinum Package | Quick Charging Cable Package[installed_msrp] | Roof Rack Cross Bars[installed_msrp]"
2024-10-08,5TDESKFC0RS38D949,2024,Sienna Platinum,,False,Factory to port,56363,Cypress,Nobel Brown Leather,38,Preston Toyota,https://www.prestontoyota.com,True,"1500W inverter [120v_cargo] | 50 State Emissions | Digital Rearview Mirror with HomeLink® Universal Transceiver | Paint Protection Film (Hood, Fenders, Mirror Backs and Door Cups)[installed_msrp] | Platinum Package | Rear Bumper Applique[installed_msrp]"
2024-10-12,5TDESKFC2RS39E449,2024,Sienna Platinum,DealerHold,False,Factory to port,58398,Wind Chill Pearl [extra_cost_color],Nobel Brown Leather,77,Dan Cava's Toyota World,https://www.cavatoyota.com,True,"1500W inverter [120v_cargo] | 50 State Emissions | All-Weather Floor Liner Package[installed_msrp] | Body Side Moldings[installed_msrp] | Cargo Organizer[installed_msrp] | Digital Rearview Mirror with HomeLink® Universal Transceiver | Illuminated Door Sills[installed_msrp] | Integrated Dashcam[installed_msrp] | Paint Protection Film (Hood, Fenders, Mirror Backs and Door Cups)[installed_msrp] | Platinum Package | Roof Rack Cross Bars[installed_msrp] | Special Color"
2024-10-08,5TDESKFC3RS38E075,2024,Sienna Platinum,,False,Factory to port,57580,Wind Chill Pearl [extra_cost_color],Nobel Brown Leather,2,Jim Shorkey Toyota,https://www.jimshorkeytoyota.com,True,1500W inverter [120v_cargo] | 50 State Emissions | All-Weather Floor Liner Package[installed_msrp] | Body Side Moldings[installed_msrp] | Digital Rearview Mirror with HomeLink® Universal Transceiver | Illuminated Door Sills[installed_msrp] | Platinum Package | Quick Charging Cable Package[installed_msrp] | Roof Rack Cross Bars[installed_msrp] | Special Color | Tri-Fold Cargo Liner[installed_msrp]
2024-09-21,5TDESKFC4RS150071,2024,Sienna Platinum,DealerHold,True,Port to dealer,57139,Ruby Flare Pearl [extra_cost_color],Nobel Brown Leather,46,Victory Toyota Highlands,https://www.victorytoyotahighlands.com,False,1500W inverter [120v_cargo] | 50 State Emissions | All-Weather Floor Liner Package[installed_msrp] | Body Side Moldings[installed_msrp] | Digital Rearview Mirror with HomeLink® Universal Transceiver | Owner's Portfolio | Platinum Package | Quick Charging Cable Package[installed_msrp] | Rear Bumper Applique[installed_msrp] | Roof Rack Cross Bars[installed_msrp] | Special Color
Unknown,5TDESKFC5RS149138,2024,Sienna Platinum,Available,False,At dealer,56934,Celestial Silver Metallic,Nobel Brown Leather,46,Victory Toyota Highlands,https://www.victorytoyotahighlands.com,False,1500W inverter [120v_cargo] | 50 State Emissions | All-Weather Floor Liner Package[installed_msrp] | Body Side Moldings[installed_msrp] | Digital Rearview Mirror with HomeLink® Universal Transceiver | Illuminated Door Sills[installed_msrp] | Owner's Portfolio | Platinum Package | Quick Charging Cable Package[installed_msrp] | Rear Bumper Applique[installed_msrp] | Roof Rack Cross Bars[installed_msrp] | Spare tire
2024-10-09,5TDESKFC5RS38D574,2024,Sienna Platinum,Available,True,Factory to port,56180,Cypress,Nobel Brown Leather,30,Toyota of Greensburg,https://www.toyotaofgreensburg.com,True,1500W inverter [120v_cargo] | 50 State Emissions | All-Weather Floor Liner Package[installed_msrp] | Alloy Wheel Locks[installed_msrp] | Digital Rearview Mirror with HomeLink® Universal Transceiver | Platinum Package
2024-10-17,5TDESKFC5RS39D974,2024,Sienna Platinum,Available,False,Factory to port,57879,Wind Chill Pearl [extra_cost_color],Nobel Brown Leather,61,Toyota of Warren,https://www.toyotaofwarren.com,True,1500W inverter [120v_cargo] | 50 State Emissions | All-Weather Floor Liner Package[installed_msrp] | Alloy Wheel Locks[installed_msrp] | Body Side Moldings[installed_msrp] | Cargo Net with Pouch[installed_msrp] | Cargo Tray[installed_msrp] | Digital Rearview Mirror with HomeLink® Universal Transceiver | Door Sill Protectors[installed_msrp] | Integrated Dashcam[installed_msrp] | PRO CARE | Platinum Package | Quick Charging Cable Package[installed_msrp] | Rear Bumper Applique[installed_msrp] | Roof Rack Cross Bars[installed_msrp] | Special Color
2024-09-22,5TDESKFC6RS149147,2024,Sienna Platinum,DealerHold,False,Port to dealer,57603,Midnight Black Metallic,Nobel Brown Leather,11,Baierl Toyota,https://www.baierltoyota.com,True,1500W inverter [120v_cargo] | 50 State Emissions | All-Weather Floor Liner Package[installed_msrp] | Body Side Moldings[installed_msrp] | Cargo Organizer[installed_msrp] | Digital Rearview Mirror with HomeLink® Universal Transceiver | Illuminated Door Sills[installed_msrp] | Integrated Dashcam[installed_msrp] | Platinum Package | Rear Bumper Applique[installed_msrp] | Roof Rack Cross Bars[installed_msrp]
2024-10-04,5TDESKFC6RS149892,2024,Sienna Platinum,,True,Port to dealer,56853,Blueprint,Nobel Brown Leather,2,Jim Shorkey Toyota,https://www.jimshorkeytoyota.com,True,"1500W inverter [120v_cargo] | 50 State Emissions | All-Weather Floor Liner Package[installed_msrp] | Alloy Wheel Locks[installed_msrp] | Digital Rearview Mirror with HomeLink® Universal Transceiver | Door Sill Protectors[installed_msrp] | Paint Protection Film (Hood, Fenders, Mirror Backs and Door Cups)[installed_msrp] | Platinum Package | Quick Charging Cable Package[installed_msrp] | Rear Bumper Applique[installed_msrp]"
2024-10-07,5TDESKFC6RS39C719,2024,Sienna Platinum,DealerHold,False,Factory to port,58398,Wind Chill Pearl [extra_cost_color],Nobel Brown Leather,77,Dan Cava's Toyota World,https://www.cavatoyota.com,True,"1500W inverter [120v_cargo] | 50 State Emissions | All-Weather Floor Liner Package[installed_msrp] | Body Side Moldings[installed_msrp] | Cargo Organizer[installed_msrp] | Digital Rearview Mirror with HomeLink® Universal Transceiver | Illuminated Door Sills[installed_msrp] | Integrated Dashcam[installed_msrp] | Paint Protection Film (Hood, Fenders, Mirror Backs and Door Cups)[installed_msrp] | Platinum Package | Roof Rack Cross Bars[installed_msrp] | Special Color"
Unknown,5TDESKFC7RS148315,2024,Sienna Platinum,DealerHold,False,At dealer,57732,Blueprint,Nobel Brown Leather,22,South Hills Toyota,https://www.southhillstoyota.com,False,"1500W inverter [120v_cargo] | 50 State Emissions | All-Weather Floor Liner Package[installed_msrp] | Alloy Wheel Locks[installed_msrp] | Body Side Moldings[installed_msrp] | Cargo Organizer[installed_msrp] | Digital Rearview Mirror with HomeLink® Universal Transceiver | Illuminated Door Sills[installed_msrp] | Paint Protection Film (Hood, Fenders, Mirror Backs and Door Cups)[installed_msrp] | Platinum Package | Rear Bumper Applique[installed_msrp] | Roof Rack Cross Bars[installed_msrp]"
2024-10-03,5TDESKFC8RS150462,2024,Sienna Platinum,DealerHold,False,Port to dealer,57988,Wind Chill Pearl [extra_cost_color],Nobel Brown Leather,11,Baierl Toyota,https://www.baierltoyota.com,True,"1500W inverter [120v_cargo] | 50 State Emissions | All-Weather Floor Liner Package[installed_msrp] | Alloy Wheel Locks[installed_msrp] | Body Side Moldings[installed_msrp] | Digital Rearview Mirror with HomeLink® Universal Transceiver | Illuminated Door Sills[installed_msrp] | Paint Protection Film (Hood, Fenders, Mirror Backs and Door Cups)[installed_msrp] | Platinum Package | Quick Charging Cable Package[installed_msrp] | Rear Bumper Applique[installed_msrp] | Roof Rack Cross Bars[installed_msrp] | Special Color"
Unknown,5TDESKFCXRS147904,2024,Sienna Platinum,DealerHold,False,At dealer,57653,Wind Chill Pearl [extra_cost_color],Nobel Brown Leather,15,Ken Ganley Toyota,https://www.kenganleytoyota.com,True,1500W inverter [120v_cargo] | 50 State Emissions | All-Weather Floor Liner Package[installed_msrp] | Body Side Moldings[installed_msrp] | Cargo Organizer[installed_msrp] | Digital Rearview Mirror with HomeLink® Universal Transceiver | Illuminated Door Sills[installed_msrp] | Platinum Package | Rear Bumper Applique[installed_msrp] | Roof Rack Cross Bars[installed_msrp] | Special Color
2024-10-06,5TDESKFCXRS38D280,2024,Sienna Platinum,DealerHold,True,Factory to port,57124,Wind Chill Pearl [extra_cost_color],Nobel Brown Leather,9,Rohrich Toyota,https://www.rohrichtoyota.com,True,1500W inverter [120v_cargo] | 50 State Emissions | All-Weather Floor Liner Package[installed_msrp] | Alloy Wheel Locks[installed_msrp] | Cargo Organizer[installed_msrp] | Digital Rearview Mirror with HomeLink® Universal Transceiver | Platinum Package | Quick Charging Cable Package[installed_msrp] | Roof Rack Cross Bars[installed_msrp] | Special Color
Unknown,5TDJRKEC6RS219774,2024,Sienna XLE,DealerHold,False,At dealer,47905,Wind Chill Pearl [extra_cost_color],Graphite Embossed Softex® [softex],18,Cochran Toyota,https://www.cochrantoyota.com,False,1500W inverter [120v_cargo] | 50 State Emissions | All-Weather Floor Liner Package[installed_msrp] | Body Side Moldings[installed_msrp] | Mudguards[installed_msrp] | Owner's Portfolio | Spare tire | Special Color | XLE Plus Package
2024-10-13,5TDJRKEC7RS40D190,2024,Sienna XLE,DealerHold,False,Factory to port,49940,Cypress,Graphite Embossed Softex® [softex],91,Summit Toyota of Akron,https://www.summittoyotaofakron.com,True,1500W inverter [120v_cargo] | 18-in. Alloy Wheel | 50 State Emissions | All-Weather Floor Liner Package[installed_msrp] | Body Side Moldings[installed_msrp] | Cargo Tray[installed_msrp] | Door Sill Protectors[installed_msrp] | Entertainment Package | Mudguards[installed_msrp] | Quick Charging Cable Package[installed_msrp] | Roof Rack Cross Bars[installed_msrp] | Spare tire | XLE Plus Package
Unknown,5TDJRKEC8RS219369,2024,Sienna XLE,Available,False,At dealer,48070,Wind Chill Pearl [extra_cost_color],Graphite Embossed Softex® [softex],87,Ken Ganley Toyota Akron,https://www.kenganleytoyotaakron.com,True,1500W inverter [120v_cargo] | 50 State Emissions | All-Weather Floor Liner Package[installed_msrp] | Illuminated Door Sills[installed_msrp] | Mudguards[installed_msrp] | Quick Charging Cable Package[installed_msrp] | Spare tire | Special Color | XLE Plus Package
2024-10-07,5TDJSKFC0RS38C444,2024,Sienna XLE,,False,Factory to port,50730,Wind Chill Pearl [extra_cost_color],Graphite Embossed Softex® [softex],48,Toyota of Boardman,https://www.toyotaofboardman.com,True,1500W inverter [120v_cargo] | 18-in. Alloy Wheel | 50 State Emissions | All-Weather Floor Liner Package[installed_msrp] | Cargo Tote[installed_msrp] | Emergency Assistance Kit[installed_msrp] | Illuminated Door Sills[installed_msrp] | Owner's Portfolio | Quick Charging Cable Package[installed_msrp] | Roof Rack Cross Bars[installed_msrp] | Special Color | XLE Plus Package
2024-09-09,5TDJSKFC2RS147779,2024,Sienna XLE,DealerHold,True,At dealer,49770,Midnight Black Metallic,Graphite Embossed Softex® [softex],75,Delaney Toyota of Dubois,https://www.delaneytoyota.com,True,1500W inverter [120v_cargo] | 18-in. Alloy Wheel | 50 State Emissions | All-Weather Floor Liner Package[installed_msrp] | Cargo Tray[installed_msrp] | Door Sill Protectors[installed_msrp] | XLE Plus Package
2024-09-22,5TDJSKFC2RS149239,2024,Sienna XLE,,True,Port to dealer,50339,Predawn Gray Mica,Graphite Embossed Softex® [softex],2,Jim Shorkey Toyota,https://www.jimshorkeytoyota.com,True,"1500W inverter [120v_cargo] | 18-in. Alloy Wheel | 50 State Emissions | All-Weather Floor Liner Package[installed_msrp] | Emergency Assistance Kit[installed_msrp] | Paint Protection Film (Hood, Fenders, Mirror Backs and Door Cups)[installed_msrp] | Quick Charging Cable Package[installed_msrp] | Roof Rack Cross Bars[installed_msrp] | XLE Plus Package"
2024-09-18,5TDJSKFC3RS148634,2024,Sienna XLE,,True,Port to dealer,50339,Blueprint,Graphite Embossed Softex® [softex],2,Jim Shorkey Toyota,https://www.jimshorkeytoyota.com,True,"1500W inverter [120v_cargo] | 18-in. Alloy Wheel | 50 State Emissions | All-Weather Floor Liner Package[installed_msrp] | Emergency Assistance Kit[installed_msrp] | Paint Protection Film (Hood, Fenders, Mirror Backs and Door Cups)[installed_msrp] | Quick Charging Cable Package[installed_msrp] | Roof Rack Cross Bars[installed_msrp] | XLE Plus Package"
2024-10-21,5TDJSKFC3RS39D549,2024,Sienna XLE,,True,Factory to port,49385,Predawn Gray Mica,Graphite Embossed Softex® [softex],30,Toyota of Greensburg,https://www.toyotaofgreensburg.com,True,50 State Emissions | All-Weather Floor Liner Package[installed_msrp] | Door Sill Protectors[installed_msrp] | Integrated Dashcam[installed_msrp] | Roof Rack Cross Bars[installed_msrp] | XLE Plus Package
2024-10-21,5TDJSKFC3RS40C606,2024,Sienna XLE,DealerHold,True,Factory to port,50889,Midnight Black Metallic,Graphite Embossed Softex® [softex],9,Rohrich Toyota,https://www.rohrichtoyota.com,True,"1500W inverter [120v_cargo] | 18-in. Alloy Wheel | 50 State Emissions | All-Weather Floor Liner Package[installed_msrp] | Body Side Moldings[installed_msrp] | Integrated Dashcam[installed_msrp] | Paint Protection Film (Hood, Fenders, Mirror Backs and Door Cups)[installed_msrp] | Quick Charging Cable Package[installed_msrp] | Roof Rack Cross Bars[installed_msrp] | XLE Plus Package"
Unknown,5TDJSKFC4RS148349,2024,Sienna XLE,DealerHold,False,At dealer,50749,Wind Chill Pearl [extra_cost_color],Graphite Embossed Softex® [softex],40,Colonial Toyota,https://www.shopcolonialtoyota.com,False,"1500W inverter [120v_cargo] | 18-in. Alloy Wheel | 50 State Emissions | All-Weather Floor Liner Package[installed_msrp] | Cargo Tray[installed_msrp] | Paint Protection Film (Hood, Fenders, Mirror Backs and Door Cups)[installed_msrp] | Roof Rack Cross Bars[installed_msrp] | Special Color | XLE Plus Package"
2024-10-06,5TDJSKFC5RS38C228,2024,Sienna XLE,DealerHold,True,Factory to port,50100,Blueprint,Graphite Embossed Softex® [softex],9,Rohrich Toyota,https://www.rohrichtoyota.com,True,1500W inverter [120v_cargo] | 18-in. Alloy Wheel | 50 State Emissions | All-Weather Floor Liner Package[installed_msrp] | Body Side Moldings[installed_msrp] | Door Sill Protectors[installed_msrp] | Roof Rack Cross Bars[installed_msrp] | XLE Plus Package
2024-09-28,5TDJSKFC6RS150118,2024,Sienna XLE,Available,True,Port to dealer,49610,Celestial Silver Metallic,Graphite Embossed Softex® [softex],30,Toyota of Greensburg,https://www.toyotaofgreensburg.com,True,1500W inverter [120v_cargo] | 18-in. Alloy Wheel | 50 State Emissions | All-Weather Floor Liner Package[installed_msrp] | Alloy Wheel Locks[installed_msrp] | XLE Plus Package
2024-10-05,5TDJSKFC6RS150409,2024,Sienna XLE,DealerHold,True,Port to dealer,48705,Blueprint,Graphite Embossed Softex® [softex],22,South Hills Toyota,https://www.southhillstoyota.com,False,50 State Emissions | All-Weather Floor Liner Package[installed_msrp] | XLE Plus Package
2024-10-17,5TDJSKFC6RS38D419,2024,Sienna XLE,DealerHold,True,Factory to port,50100,Wind Chill Pearl [extra_cost_color],Chataeu Embossed Softex® [softex],75,Delaney Toyota of Dubois,https://www.delaneytoyota.com,True,1500W inverter [120v_cargo] | 18-in. Alloy Wheel | 50 State Emissions | All-Weather Floor Liner Package[installed_msrp] | Cargo Tray[installed_msrp] | Special Color | XLE Plus Package
2024-09-22,5TDJSKFC7RS149463,2024,Sienna XLE,DealerHold,False,Port to dealer,49610,Predawn Gray Mica,Graphite Embossed Softex® [softex],11,Baierl Toyota,https://www.baierltoyota.com,True,1500W inverter [120v_cargo] | 18-in. Alloy Wheel | 50 State Emissions | All-Weather Floor Liner Package[installed_msrp] | Alloy Wheel Locks[installed_msrp] | XLE Plus Package
2024-10-06,5TDJSKFC7RS38D946,2024,Sienna XLE,DealerHold,False,Factory to port,49005,Midnight Black Metallic,Graphite Embossed Softex® [softex],85,Toyota of Kent,https://www.toyotaofkent.com,True,1500W inverter [120v_cargo] | 50 State Emissions | All-Weather Floor Liner Package[installed_msrp] | XLE Plus Package
2024-09-23,5TDJSKFC9RS149058,2024,Sienna XLE,DealerHold,False,Port to dealer,49890,Cypress,Graphite Embossed Softex® [softex],19,Diehl Toyota of Butler,https://www.diehltoyotabutler.com,False,1500W inverter [120v_cargo] | 18-in. Alloy Wheel | 50 State Emissions | All-Weather Floor Liner Package[installed_msrp] | Body Side Moldings[installed_msrp] | Door Sill Protectors[installed_msrp] | Owner's Portfolio | XLE Plus Package
2024-10-16,5TDJSKFC9RS39E589,2024,Sienna XLE,Available,False,Factory to port,49970,Wind Chill Pearl [extra_cost_color],Chataeu Embossed Softex® [softex],76,Palmiero Toyota,https://www.palmierotoyota.net,True,1500W inverter [120v_cargo] | 18-in. Alloy Wheel | 50 State Emissions | All-Weather Floor Liner Package[installed_msrp] | Owner's Portfolio | Special Color | XLE Plus Package
Unknown,5TDJSKFCXRS148369,2024,Sienna XLE,,False,At dealer,50554,Wind Chill Pearl [extra_cost_color],Chataeu Embossed Softex® [softex],2,Jim Shorkey Toyota,https://www.jimshorkeytoyota.com,True,"1500W inverter [120v_cargo] | 18-in. Alloy Wheel | 50 State Emissions | All-Weather Floor Liner Package[installed_msrp] | Emergency Assistance Kit[installed_msrp] | Paint Protection Film (Hood, Fenders, Mirror Backs and Door Cups)[installed_msrp] | Quick Charging Cable Package[installed_msrp] | Special Color | XLE Plus Package"
2024-10-15,5TDKRKEC0RS39D400,2024,Sienna LE,DealerHold,False,Factory to port,39770,Celestial Silver Metallic,Gray Woven Fabric,85,Toyota of Kent,https://www.toyotaofkent.com,True,50 State Emissions | All-Weather Floor Liner Package[installed_msrp] | Mudguards[installed_msrp] | Roof rails [roof_rack] | Spare tire
2024-10-14,5TDKRKEC9RS39D007,2024,Sienna LE,DealerHold,False,Factory to port,39770,Predawn Gray Mica,Gray Woven Fabric,85,Toyota of Kent,https://www.toyotaofkent.com,True,50 State Emissions | All-Weather Floor Liner Package[installed_msrp] | Mudguards[installed_msrp] | Roof rails [roof_rack] | Spare tire
2024-09-16,5TDKRKECXRS219734,2024,Sienna LE,Available,False,At dealer,39360,Celestial Silver Metallic,Gray Woven Fabric,93,Victory Toyota of Ashtabula County,https://www.victorytoyota440.com,False,50 State Emissions | Roof rails [roof_rack] | Spare tire
Unknown,5TDKSKFC0RS40C213,2024,Sienna LE,,True,Factory to port,42130,Ice Cap,Gray Woven Fabric,30,Toyota of Greensburg,https://www.toyotaofgreensburg.com,True,50 State Emissions | All-Weather Floor Liner Package[installed_msrp] | Integrated Dashcam[installed_msrp] | Roof Rack Cross Bars[installed_msrp] | Roof rails [roof_rack]
Unknown,5TDKSKFC2RS147902,2024,Sienna LE,DealerHold,True,At dealer,42929,Predawn Gray Mica,Gray Woven Fabric,9,Rohrich Toyota,https://www.rohrichtoyota.com,True,"50 State Emissions | All-Weather Floor Liner Package[installed_msrp] | Alloy Wheel Locks[installed_msrp] | Body Side Moldings[installed_msrp] | Illuminated Door Sills[installed_msrp] | Paint Protection Film (Hood, Fenders, Mirror Backs and Door Cups)[installed_msrp] | Roof Rack Cross Bars[installed_msrp] | Roof rails [roof_rack] | Spare tire"
2024-09-21,5TDKSKFC3RS148959,2024,Sienna LE,DealerHold,False,Port to dealer,41620,Predawn Gray Mica,Gray Woven Fabric,85,Toyota of Kent,https://www.toyotaofkent.com,True,50 State Emissions | All-Weather Floor Liner Package[installed_msrp] | Roof rails [roof_rack] | Spare tire
2024-10-13,5TDKSKFC3RS38D978,2024,Sienna LE,DealerHold,True,Factory to port,42145,Midnight Black Metallic,Gray Woven Fabric,9,Rohrich Toyota,https://www.rohrichtoyota.com,True,50 State Emissions | All-Weather Floor Liner Package[installed_msrp] | Alloy Wheel Locks[installed_msrp] | Body Side Moldings[installed_msrp] | Roof Rack Cross Bars[installed_msrp] | Roof rails [roof_rack] | Spare tire
2024-09-22,5TDKSKFC4RS149294,2024,Sienna LE,DealerHold,False,Port to dealer,41715,Predawn Gray Mica,Gray Woven Fabric,19,Diehl Toyota of Butler,https://www.diehltoyotabutler.com,False,50 State Emissions | All-Weather Floor Liner Package[installed_msrp] | Door Sill Protectors[installed_msrp] | Roof rails [roof_rack] | Spare tire
2024-10-18,5TDKSKFC5RS40D731,2024,Sienna LE,DealerHold,True,Factory to port,42035,Celestial Silver Metallic,Gray Woven Fabric,36,Team Toyota,https://www.teamtoyotaohio.com,True,50 State Emissions | All Weather Floor Liners | Body Side Moldings | Door Sill Protectors | Owner's Portfolio | Quick Charge Cable | Roof Rails | Temporary Spare Tire
2024-10-08,5TDKSKFC6RS38C064,2024,Sienna LE,DealerHold,False,Factory to port,41690,Blueprint,Gray Woven Fabric,85,Toyota of Kent,https://www.toyotaofkent.com,True,50 State Emissions | All-Weather Floor Liner Package[installed_msrp] | Quick Charging Cable Package[installed_msrp] | Roof rails [roof_rack] | Spare tire
2024-10-06,5TDKSKFC7RS38D160,2024,Sienna LE,DealerHold,False,Factory to port,42210,Ruby Flare Pearl [extra_cost_color],Gray Woven Fabric,61,Toyota of Warren,https://www.toyotaofwarren.com,True,50 State Emissions | All-Weather Floor Liner Package[installed_msrp] | Door Sill Protectors[installed_msrp] | PRO CARE | Quick Charging Cable Package[installed_msrp] | Roof rails [roof_rack] | Spare tire | Special Color
Unknown,5TDKSKFC8RS39C773,2024,Sienna LE,DealerHold,True,Factory to port,42745,Midnight Black Metallic,Gray Woven Fabric,9,Rohrich Toyota,https://www.rohrichtoyota.com,True,50 State Emissions | All-Weather Floor Liner Package[installed_msrp] | Alloy Wheel Locks[installed_msrp] | Body Side Moldings[installed_msrp] | Cargo Tray[installed_msrp] | Door Sill Protectors[installed_msrp] | Integrated Dashcam[installed_msrp] | Roof Rack Cross Bars[installed_msrp] | Roof rails [roof_rack] | Spare tire
2024-10-11,5TDKSKFC8RS39C966,2024,Sienna LE,,True,Factory to port,42245,Predawn Gray Mica,Gray Woven Fabric,48,Toyota of Boardman,https://www.toyotaofboardman.com,True,50 State Emissions | All-Weather Floor Liner Package[installed_msrp] | Illuminated Door Sills[installed_msrp] | Owner's Portfolio | Quick Charging Cable Package[installed_msrp] | Roof Rack Cross Bars[installed_msrp] | Roof rails [roof_rack] | Spare tire
2024-10-22,5TDKSKFC9RS40C730,2024,Sienna LE,DealerHold,False,Factory to port,41620,Predawn Gray Mica,Gray Woven Fabric,85,Toyota of Kent,https://www.toyotaofkent.com,True,50 State Emissions | All-Weather Floor Liner Package[installed_msrp] | Roof rails [roof_rack] | Spare tire
2024-10-04,5TDKSKFCXRS38C892,2024,Sienna LE,DealerHold,False,Factory to port,41620,Midnight Black Metallic,Gray Woven Fabric,85,Toyota of Kent,https://www.toyotaofkent.com,True,50 State Emissions | All-Weather Floor Liner Package[installed_msrp] | Roof rails [roof_rack] | Spare tire
2024-10-24,5TDKSKFCXRS40D207,2024,Sienna LE,Available,False,Factory to port,41610,Midnight Black Metallic,Gray Woven Fabric,76,Palmiero Toyota,https://www.palmierotoyota.net,True,50 State Emissions | All-Weather Floor Liner Package[installed_msrp] | Alloy Wheel Locks[installed_msrp] | Owner's Portfolio | Roof rails [roof_rack]
2024-09-21,5TDXSKFC0RS149136,2024,Sienna XSE,,False,Port to dealer,47735,Midnight Black Metallic,Moonstone + Grey Embossed Softex® [softex],93,Victory Toyota of Ashtabula County,https://www.victorytoyota440.com,False,50 State Emissions | Roof rails [roof_rack]
2024-10-15,5TDXSKFC4RS40D306,2024,Sienna XSE,,False,Factory to port,49608,Blueprint,Gray Flannel + Black Embossed Softex® [softex],87,Ken Ganley Toyota Akron,https://www.kenganleytoyotaakron.com,True,"50 State Emissions | All-Weather Floor Liner Package[installed_msrp] | Alloy Wheel Locks[installed_msrp] | Body Side Moldings[installed_msrp] | Illuminated Door Sills[installed_msrp] | Paint Protection Film (Hood, Fenders, Mirror Backs and Door Cups)[installed_msrp] | Quick Charging Cable Package[installed_msrp] | Rear Bumper Applique[installed_msrp] | Roof Rack Cross Bars[installed_msrp] | Roof rails [roof_rack] | Tri-Fold Cargo Liner[installed_msrp]"
2024-10-10,5TDYSKFC1RS39D371,2024,Sienna XLE,,True,Factory to port,49138,Wind Chill Pearl [extra_cost_color],Graphite Embossed Softex® [softex],64,Moses Toyota of Morgantown,https://www.mosestoyotaofmorgantown.com,True,"50 State Emissions | All-Weather Floor Liner Package[installed_msrp] | Body Side Moldings[installed_msrp] | Cargo Organizer[installed_msrp] | Illuminated Door Sills[installed_msrp] | Integrated Dashcam[installed_msrp] | Paint Protection Film (Hood, Fenders, Mirror Backs and Door Cups)[installed_msrp] | Roof Rack Cross Bars[installed_msrp] | Roof rails [roof_rack] | Special Color"
2024-09-30,5TDYSKFC3RS150219,2024,Sienna XLE,DealerHold,True,Port to dealer,47490,Wind Chill Pearl [extra_cost_color],Graphite Embossed Softex® [softex],13,Brewer Airport Toyota,https://brewerairporttoyota.com,False,50 State Emissions | All-Weather Floor Liner Package[installed_msrp] | Roof Rack Cross Bars[installed_msrp] | Roof rails [roof_rack] | Special Color
2024-10-08,5TDYSKFC4RS39D672,2024,Sienna XLE,DealerHold,True,Factory to port,47200,Predawn Gray Mica,Graphite Embossed Softex® [softex],64,Moses Toyota of Morgantown,https://www.mosestoyotaofmorgantown.com,True,50 State Emissions | All-Weather Floor Liner Package[installed_msrp] | Illuminated Door Sills[installed_msrp] | Owner's Portfolio | Roof rails [roof_rack]
2024-09-22,5TDYSKFC5RS149167,2024,Sienna XLE,,False,Port to dealer,47740,Ruby Flare Pearl [extra_cost_color],Graphite Embossed Softex® [softex],76,Palmiero Toyota,https://www.palmierotoyota.net,True,50 State Emissions | All-Weather Floor Liner Package[installed_msrp] | Body Side Moldings[installed_msrp] | Roof Rack Cross Bars[installed_msrp] | Roof rails [roof_rack] | Special Color
2024-09-23,5TDYSKFC5RS149508,2024,Sienna XLE,DealerHold,False,Port to dealer,47355,Wind Chill Pearl [extra_cost_color],Chataeu Embossed Softex® [softex],15,Ken Ganley Toyota,https://www.kenganleytoyota.com,True,50 State Emissions | All-Weather Floor Liner Package[installed_msrp] | Emergency Assistance Kit[installed_msrp] | Roof rails [roof_rack] | Special Color
2024-10-01,5TDYSKFC6RS38C995,2024,Sienna XLE,,True,Factory to port,47280,Wind Chill Pearl [extra_cost_color],Graphite Embossed Softex® [softex],64,Moses Toyota of Morgantown,https://www.mosestoyotaofmorgantown.com,True,50 State Emissions | All-Weather Floor Liner Package[installed_msrp] | Owner's Portfolio | Roof rails [roof_rack] | Special Color
2024-09-28,5TDYSKFC9RS149804,2024,Sienna XLE,DealerHold,True,Port to dealer,46985,Midnight Black Metallic,Graphite Embossed Softex® [softex],75,Delaney Toyota of Dubois,https://www.delaneytoyota.com,True,50 State Emissions | All-Weather Floor Liner Package[installed_msrp] | Cargo Tray[installed_msrp] | Roof rails [roof_rack]
2024-10-11,5TDYSKFC9RS38D428,2024,Sienna XLE,,True,Factory to port,47649,Predawn Gray Mica,Graphite Embossed Softex® [softex],2,Jim Shorkey Toyota,https://www.jimshorkeytoyota.com,True,"50 State Emissions | All-Weather Floor Liner Package[installed_msrp] | Emergency Assistance Kit[installed_msrp] | Paint Protection Film (Hood, Fenders, Mirror Backs and Door Cups)[installed_msrp] | Quick Charging Cable Package[installed_msrp] | Roof Rack Cross Bars[installed_msrp] | Roof rails [roof_rack]"
2024-09-24,5TDZSKFC0RS149601,2024,Sienna Limited,,False,Port to dealer,54405,Celestial Silver Metallic,Graphite Leather,76,Palmiero Toyota,https://www.palmierotoyota.net,True,1500W inverter [120v_cargo] | 50 State Emissions | All-Weather Floor Liner Package[installed_msrp] | Body Side Moldings[installed_msrp] | Digital Rearview Mirror with HomeLink® Universal Transceiver
2024-09-27,5TDZSKFC0RS38C608,2024,Sienna Limited,Available,True,Factory to port,54155,Predawn Gray Mica,Chateau Leather,87,Ken Ganley Toyota Akron,https://www.kenganleytoyotaakron.com,True,1500W inverter [120v_cargo] | 50 State Emissions | All-Weather Floor Liner Package[installed_msrp] | Digital Rearview Mirror with HomeLink® Universal Transceiver
2024-10-11,5TDZSKFC0RS38E083,2024,Sienna Limited,DealerHold,False,Factory to port,54949,Midnight Black Metallic,Chateau Leather,11,Baierl Toyota,https://www.baierltoyota.com,True,"1500W inverter [120v_cargo] | 50 State Emissions | All-Weather Floor Liner Package[installed_msrp] | Digital Rearview Mirror with HomeLink® Universal Transceiver | Emergency Assistance Kit[installed_msrp] | Paint Protection Film (Hood, Fenders, Mirror Backs and Door Cups)[installed_msrp] | Quick Charging Cable Package[installed_msrp] | Roof Rack Cross Bars[installed_msrp]"
2024-10-24,5TDZSKFC1RS40D336,2024,Sienna Limited,DealerHold,True,Factory to port,55224,Celestial Silver Metallic,Chateau Leather,9,Rohrich Toyota,https://www.rohrichtoyota.com,True,1500W inverter [120v_cargo] | 50 State Emissions | All-Weather Floor Liner Package[installed_msrp] | Digital Rearview Mirror with HomeLink® Universal Transceiver | Illuminated Door Sills[installed_msrp] | Integrated Dashcam[installed_msrp] | Quick Charging Cable Package[installed_msrp] | Rear Bumper Applique[installed_msrp] | Roof Rack Cross Bars[installed_msrp]
2024-09-27,5TDZSKFC2RS149860,2024,Sienna Limited,,False,Port to dealer,54829,Wind Chill Pearl [extra_cost_color],Graphite Leather,38,Preston Toyota,https://www.prestontoyota.com,True,"1500W inverter [120v_cargo] | 50 State Emissions | Digital Rearview Mirror with HomeLink® Universal Transceiver | Owner's Portfolio | Paint Protection Film (Hood, Fenders, Mirror Backs and Door Cups)[installed_msrp] | Quick Charging Cable Package[installed_msrp] | Special Color"
2024-10-10,5TDZSKFC2RS38C495,2024,Sienna Limited,,False,Factory to port,54405,Celestial Silver Metallic,Graphite Leather,76,Palmiero Toyota,https://www.palmierotoyota.net,True,1500W inverter [120v_cargo] | 50 State Emissions | All-Weather Floor Liner Package[installed_msrp] | Body Side Moldings[installed_msrp] | Digital Rearview Mirror with HomeLink® Universal Transceiver
Unknown,5TDZSKFC4RS146930,2024,Sienna Limited,DealerHold,True,Factory to port,57168,Predawn Gray Mica,Graphite Leather,76,Palmiero Toyota,https://www.palmierotoyota.net,True,"1500W Inverter with Two 120V AC Outlets | 50 State Emissions | All Weather Floor Liners | Cross Bars | Digital Rear View Mirror with Homelink Universal Transceiver | Illuminated Door Sills | Paint Protection Film | Protection Package:Body Side Moldings, Mudguards, Wheel Locks | Quick Charge Cable | Rear Bumper Applique | Rear Seat Entertainment System- 1080p HD Entertainment Center with 11.6-in. Display, HDMI Input, Remote and Two Wireless Headphones"
2024-10-11,5TDZSKFC4RS38D180,2024,Sienna Limited,DealerHold,False,Factory to port,55374,Wind Chill Pearl [extra_cost_color],Graphite Leather,11,Baierl Toyota,https://www.baierltoyota.com,True,"1500W inverter [120v_cargo] | 50 State Emissions | All-Weather Floor Liner Package[installed_msrp] | Digital Rearview Mirror with HomeLink® Universal Transceiver | Emergency Assistance Kit[installed_msrp] | Paint Protection Film (Hood, Fenders, Mirror Backs and Door Cups)[installed_msrp] | Quick Charging Cable Package[installed_msrp] | Roof Rack Cross Bars[installed_msrp] | Special Color"
2024-10-16,5TDZSKFC4RS38D342,2024,Sienna Limited,DealerHold,False,Factory to port,54949,Celestial Silver Metallic,Graphite Leather,11,Baierl Toyota,https://www.baierltoyota.com,True,"1500W inverter [120v_cargo] | 50 State Emissions | All-Weather Floor Liner Package[installed_msrp] | Digital Rearview Mirror with HomeLink® Universal Transceiver | Emergency Assistance Kit[installed_msrp] | Paint Protection Film (Hood, Fenders, Mirror Backs and Door Cups)[installed_msrp] | Quick Charging Cable Package[installed_msrp] | Roof Rack Cross Bars[installed_msrp]"
Unknown,5TDZSKFC6RS148145,2024,Sienna Limited,DealerHold,False,At dealer,56399,Midnight Black Metallic,Graphite Leather,85,Toyota of Kent,https://www.toyotaofkent.com,True,1500W inverter [120v_cargo] | 50 State Emissions | All-Weather Floor Liner Package[installed_msrp] | Alloy Wheel Locks[installed_msrp] | Body Side Moldings[installed_msrp] | Digital Rearview Mirror with HomeLink® Universal Transceiver | Entertainment Package | Quick Charging Cable Package[installed_msrp] | Rear Bumper Applique[installed_msrp] | Roof Rack Cross Bars[installed_msrp] | Tri-Fold Cargo Liner[installed_msrp]
2024-09-28,5TDZSKFC6RS149778,2024,Sienna Limited,,False,Port to dealer,54403,Cypress,Chateau Leather,38,Preston Toyota,https://www.prestontoyota.com,True,"1500W inverter [120v_cargo] | 50 State Emissions | Digital Rearview Mirror with HomeLink® Universal Transceiver | Paint Protection Film (Hood, Fenders, Mirror Backs and Door Cups)[installed_msrp] | Rear Bumper Applique[installed_msrp]"
Unknown,5TDZSKFC8RS148471,2024,Sienna Limited,DealerHold,False,At dealer,55374,Wind Chill Pearl [extra_cost_color],Chateau Leather,11,Baierl Toyota,https://www.baierltoyota.com,True,"1500W inverter [120v_cargo] | 50 State Emissions | All-Weather Floor Liner Package[installed_msrp] | Digital Rearview Mirror with HomeLink® Universal Transceiver | Emergency Assistance Kit[installed_msrp] | Paint Protection Film (Hood, Fenders, Mirror Backs and Door Cups)[installed_msrp] | Quick Charging Cable Package[installed_msrp] | Roof Rack Cross Bars[installed_msrp] | Special Color"
2024-09-23,5TDZSKFC8RS148812,2024,Sienna Limited,DealerHold,False,Port to dealer,55339,Wind Chill Pearl [extra_cost_color],Graphite Leather,22,South Hills Toyota,https://www.southhillstoyota.com,False,1500W inverter [120v_cargo] | 50 State Emissions | All-Weather Floor Liner Package[installed_msrp] | Alloy Wheel Locks[installed_msrp] | Digital Rearview Mirror with HomeLink® Universal Transceiver | Illuminated Door Sills[installed_msrp] | Quick Charging Cable Package[installed_msrp] | Rear Bumper Applique[installed_msrp] | Roof Rack Cross Bars[installed_msrp] | Special Color
2024-09-17,5TDZSKFC9RS148494,2024,Sienna Limited,DealerHold,False,Port to dealer,54615,Blueprint,Chateau Leather,76,Palmiero Toyota,https://www.palmierotoyota.net,True,1500W inverter [120v_cargo] | 50 State Emissions | All-Weather Floor Liner Package[installed_msrp] | Body Side Moldings[installed_msrp] | Digital Rearview Mirror with HomeLink® Universal Transceiver | Roof Rack Cross Bars[installed_msrp]
Unknown,5TDZSKFC9RS39D641,2024,Sienna Limited,,True,Factory to port,54155,Predawn Gray Mica,Graphite Leather,64,Moses Toyota of Morgantown,https://www.mosestoyotaofmorgantown.com,True,1500W inverter [120v_cargo] | 50 State Emissions | All-Weather Floor Liner Package[installed_msrp] | Digital Rearview Mirror with HomeLink® Universal Transceiver | Owner's Portfolio
2024-10-06,5TDZSKFCXRS38D975,2024,Sienna Limited,Available,False,Factory to port,54500,Celestial Silver Metallic,Graphite Leather,15,Ken Ganley Toyota,https://www.kenganleytoyota.com,True,1500W inverter [120v_cargo] | 50 State Emissions | All-Weather Floor Liner Package[installed_msrp] | Body Side Moldings[installed_msrp] | Digital Rearview Mirror with HomeLink® Universal Transceiver | Door Sill Protectors[installed_msrp]
2024-10-12,5TDZSKFCXRS39C787,2024,Sienna Limited,DealerHold,True,Factory to port,55550,Wind Chill Pearl [extra_cost_color],Graphite Leather,9,Rohrich Toyota,https://www.rohrichtoyota.com,True,1500W inverter [120v_cargo] | 50 State Emissions | All-Weather Floor Liner Package[installed_msrp] | Alloy Wheel Locks[installed_msrp] | Body Side Moldings[installed_msrp] | Digital Rearview Mirror with HomeLink® Universal Transceiver | Integrated Dashcam[installed_msrp] | Quick Charging Cable Package[installed_msrp] | Roof Rack Cross Bars[installed_msrp] | Special Color
Unknown,5TDZSKFCXRS40D089,2024,Sienna Limited,,False,Factory to port,55059,Blueprint,Chateau Leather,76,Palmiero Toyota,https://www.palmierotoyota.net,True,1500W inverter [120v_cargo] | 50 State Emissions | All-Weather Floor Liner Package[installed_msrp] | Body Side Moldings[installed_msrp] | Digital Rearview Mirror with HomeLink® Universal Transceiver | Integrated Dashcam[installed_msrp] | Rear Bumper Applique[installed_msrp] | Roof Rack Cross Bars[installed_msrp]
